file_name,subreddit_name,post_name,date_posted,has_audio,is_video,source_url,url
jnsecfe77ix41.jpg,aww,This is not our cat. He does not respect boundaries. He comes round here all the time. He's a legend,2020-05-08 18:42:10+10:00,False,False,https://i.redd.it/jnsecfe77ix41.jpg,https://i.redd.it/jnsecfe77ix41.jpg
r31d9v0keix41.mp4,aww,Let's play,2020-05-08 19:23:22+10:00,True,True,https://v.redd.it/r31d9v0keix41,https://vreddit.cc/r31d9v0keix41.mp4
xxd4obvbxhx41.mp4,aww,Warm and cozy,2020-05-08 17:47:06+10:00,False,True,https://v.redd.it/xxd4obvbxhx41,https://vreddit.cc/xxd4obvbxhx41.mp4
BitesizedIckyDevilfish.mp4,aww,A gentle giant discovers his bed has been occupied,2020-05-08 11:35:22+10:00,False,True,https://gfycat.com/bitesizedickydevilfish,https://giant.gfycat.com/BitesizedIckyDevilfish.mp4
z7vq71vq8hx41.jpg,aww,Now thats cute,2020-05-08 15:28:58+10:00,False,False,https://i.redd.it/z7vq71vq8hx41.jpg,https://i.redd.it/z7vq71vq8hx41.jpg
pc7x6jp2tex41.jpg,relationshipmemes,Me when I started dating my SO,2020-05-08 10:13:11+10:00,False,False,https://i.redd.it/pc7x6jp2tex41.jpg,https://i.redd.it/pc7x6jp2tex41.jpg
ahd2ysb67hx41.jpg,relationshipmemes,First date 21 questions game. I'm not very good,2020-05-08 15:20:09+10:00,False,False,https://i.redd.it/ahd2ysb67hx41.jpg,https://i.redd.it/ahd2ysb67hx41.jpg
b59be24wbcx41.gif,relationshipmemes,He do be looking fine though,2020-05-07 22:57:45+10:00,False,False,https://i.redd.it/b59be24wbcx41.gif,https://i.redd.it/b59be24wbcx41.gif
qsxxk9a2uex41.jpg,relationshipmemes,Cookie And Cream: SUPER Mad,2020-05-08 07:23:26+10:00,False,False,https://i.redd.it/qsxxk9a2uex41.jpg,https://i.redd.it/qsxxk9a2uex41.jpg
lhuuwpo4mdx41.png,relationshipmemes,Me: Are you drunk? Him: Pshhhh... I might be tipsy. (My first meme! ),2020-05-08 03:16:51+10:00,False,False,https://i.redd.it/lhuuwpo4mdx41.png,https://i.redd.it/lhuuwpo4mdx41.png
yMsFNeK.jpg,earthporn,"First day in the nature after the lock down, Italy [OC] [4032x3024]",2020-05-08 08:01:44+10:00,False,False,https://i.imgur.com/yMsFNeK.jpg,https://i.imgur.com/yMsFNeK.jpg
2KC4chJ.jpg,earthporn,"Eroded rocks and beautiful blue water of Corfu, Greece [OC] [1242x1656]",2020-05-08 21:05:02+10:00,False,False,https://i.imgur.com/2KC4chJ.jpg,https://i.imgur.com/2KC4chJ.jpg
lysxdxxs0hx41.png,earthporn,"Del Mar, California Sunset. [1877 x 2226] [OC]",2020-05-08 14:44:36+10:00,False,False,https://i.redd.it/lysxdxxs0hx41.png,https://i.redd.it/lysxdxxs0hx41.png
c3p7aw3kudx41.jpg,earthporn,Oregon's moss covered rain forest [OC][4826x6031][OC],2020-05-08 04:04:16+10:00,False,False,https://i.redd.it/c3p7aw3kudx41.jpg,https://i.redd.it/c3p7aw3kudx41.jpg
sc95kam08jx41.jpg,earthporn,"Sunrise from the Monastery in Tengboche, Nepal [OC] [3022x3778] IG:@zachgibbonsphotography",2020-05-08 22:08:26+10:00,False,False,https://i.redd.it/sc95kam08jx41.jpg,https://i.redd.it/sc95kam08jx41.jpg
4iqd2uC.mp4,aww,A baby has its first contact with a potential surrogate mother,2020-05-09 07:11:10+10:00,False,True,https://i.imgur.com/4iqd2uC.gifv,https://i.imgur.com/4iqd2uC.mp4
m4eq3l6jvmx41.mp4,aww,Photographer had a photo shoot with an adorable client,2020-05-09 10:26:40+10:00,True,True,https://v.redd.it/m4eq3l6jvmx41,https://vreddit.cc/m4eq3l6jvmx41.mp4
SameOddballButterfly.mp4,aww,The proud mother cat presenting her kittens to her human as a sign of trust,2020-05-09 11:03:18+10:00,False,True,https://gfycat.com/sameoddballbutterfly,https://giant.gfycat.com/SameOddballButterfly.mp4
ee0m7yL.jpg,aww,We found out the dog we adopted last year had taken part in a professional photoshoot to try to get her adopted. It was a maternity photoshoot.,2020-05-09 08:04:24+10:00,False,False,https://imgur.com/ee0m7yL,https://i.imgur.com/ee0m7yL.jpg
xg0xl3ogvkx41.jpg,relationshipmemes,Must not smile,2020-05-09 03:41:37+10:00,False,False,https://i.redd.it/xg0xl3ogvkx41.jpg,https://i.redd.it/xg0xl3ogvkx41.jpg
fwfnb6wbukx41.jpg,relationshipmemes,Statue of Liberty,2020-05-09 03:35:17+10:00,False,False,https://i.redd.it/fwfnb6wbukx41.jpg,https://i.redd.it/fwfnb6wbukx41.jpg
1ehill06uov41.jpg,relationshipmemes,How To Build Trust In A Relationship,2020-05-08 23:21:36+10:00,False,False,https://i.redd.it/1ehill06uov41.jpg,https://i.redd.it/1ehill06uov41.jpg
w6humtqyllx41.jpg,earthporn,"White cliffs and blue sky of Seven Sisters, England. [OC] (1080x2240)",2020-05-09 06:10:12+10:00,False,False,https://i.redd.it/w6humtqyllx41.jpg,https://i.redd.it/w6humtqyllx41.jpg
2my4t3b3dlx41.jpg,earthporn,OC - Foggy Morning in the Oregon Rainforests (1827x2737),2020-05-09 05:21:49+10:00,False,False,https://i.redd.it/2my4t3b3dlx41.jpg,https://i.redd.it/2my4t3b3dlx41.jpg
thlbhhv2plx41.jpg,earthporn,Foggy lakeside in the Canadian Rockies. [1080x1350] [OC],2020-05-09 06:29:01+10:00,False,False,https://i.redd.it/thlbhhv2plx41.jpg,https://i.redd.it/thlbhhv2plx41.jpg
x1tm3ydw1lx41.jpg,earthporn,"[OC] Mountain at Morraine Lake in Banff, Alberta. [1600x1067]",2020-05-09 04:19:45+10:00,False,False,https://i.redd.it/x1tm3ydw1lx41.jpg,https://i.redd.it/x1tm3ydw1lx41.jpg
ch0sdmn9smx41.jpg,aww,The way Nova fell asleep in her dad’s lap is priceless.,2020-05-09 10:07:17+10:00,False,False,https://i.redd.it/ch0sdmn9smx41.jpg,https://i.redd.it/ch0sdmn9smx41.jpg
vconqxwoblx41.jpg,relationshipmemes,”cuddles included”,2020-05-09 05:12:37+10:00,False,False,https://i.redd.it/vconqxwoblx41.jpg,https://i.redd.it/vconqxwoblx41.jpg
y2tll312pmx41.jpg,aww,He made me a present at doggy daycare. He's so proud.,2020-05-09 09:49:18+10:00,False,False,https://i.redd.it/y2tll312pmx41.jpg,https://i.redd.it/y2tll312pmx41.jpg
h8wb9so37ox41.jpg,relationshipmemes,Spooning is in short supply,2020-05-09 14:52:12+10:00,False,False,https://i.redd.it/h8wb9so37ox41.jpg,https://i.redd.it/h8wb9so37ox41.jpg
izw0ti4i5nx41.jpg,earthporn,"The Pacific Northwest is a special place. Mount Hood, OR [OC] [4032x3024]",2020-05-09 11:21:50+10:00,False,False,https://i.redd.it/izw0ti4i5nx41.jpg,https://i.redd.it/izw0ti4i5nx41.jpg
p3gus6kzka041.mp4,aww,Color blind student gets to see color for the first time.,2020-05-10 04:47:00+10:00,True,True,https://v.redd.it/p3gus6kzka041,https://vreddit.cc/p3gus6kzka041.mp4
fcudp68qkrx41.jpg,aww,We’ve been together for 10 years now. He is the best thing to ever happen to me!,2020-05-10 02:13:58+10:00,False,False,https://i.redd.it/fcudp68qkrx41.jpg,https://i.redd.it/fcudp68qkrx41.jpg
0c42fpk90rx41.mp4,aww,Hunter mode - ON,2020-05-10 00:19:29+10:00,False,True,https://v.redd.it/0c42fpk90rx41,https://vreddit.cc/0c42fpk90rx41.mp4
4ks0wscl9qx41.jpg,relationshipmemes,Literally every day,2020-05-09 21:49:44+10:00,False,False,https://i.redd.it/4ks0wscl9qx41.jpg,https://i.redd.it/4ks0wscl9qx41.jpg
r2iz2huy0sx41.jpg,relationshipmemes,Spooky skeleton time,2020-05-10 03:44:57+10:00,False,False,https://i.redd.it/r2iz2huy0sx41.jpg,https://i.redd.it/r2iz2huy0sx41.jpg
iw4gs2usjox41.jpg,relationshipmemes,Actually the case rn,2020-05-09 16:03:23+10:00,False,False,https://i.redd.it/iw4gs2usjox41.jpg,https://i.redd.it/iw4gs2usjox41.jpg
352ii2dioqx41.png,relationshipmemes,"I got love, I got sex, wha'chu want?",2020-05-09 23:13:23+10:00,False,False,https://i.redd.it/352ii2dioqx41.png,https://i.redd.it/352ii2dioqx41.png
cx9bc2mc8qx41.jpg,earthporn,Found a patch of wild garlic in a local forest (The Netherlands) [OC][1638x2048],2020-05-09 21:42:49+10:00,False,False,https://i.redd.it/cx9bc2mc8qx41.jpg,https://i.redd.it/cx9bc2mc8qx41.jpg
ghx6iotogox41.jpg,earthporn,"Lake McDonald, Montana [OC][2048 x 1365]",2020-05-09 15:46:22+10:00,False,False,https://i.redd.it/ghx6iotogox41.jpg,https://i.redd.it/ghx6iotogox41.jpg
vmjE5eY.jpg,earthporn,"Coron Island, Philippines [OC] [1242x1656]",2020-05-09 21:56:46+10:00,False,False,https://i.imgur.com/vmjE5eY.jpg,https://i.imgur.com/vmjE5eY.jpg
4il1rnc1nsx41.jpg,earthporn,"Golden Larches, Seeley Lake, Montana [OC][900x1350]",2020-05-10 05:49:05+10:00,False,False,https://i.redd.it/4il1rnc1nsx41.jpg,https://i.redd.it/4il1rnc1nsx41.jpg
r0x65e3m2tx41.jpg,earthporn,"Uraman Takht, Kurdistan, Iran. [OC] [1080*861]",2020-05-10 07:15:58+10:00,False,False,https://i.redd.it/r0x65e3m2tx41.jpg,https://i.redd.it/r0x65e3m2tx41.jpg
rcpr2brqltx41.jpg,aww,"After 8 years waiting, I picked up this little girl yesterday",2020-05-10 09:03:12+10:00,False,False,https://i.redd.it/rcpr2brqltx41.jpg,https://i.redd.it/rcpr2brqltx41.jpg
HeftyPaltryBlackbuck.mp4,aww,Puppy loves water,2020-05-10 07:00:52+10:00,False,True,https://gfycat.com/heftypaltryblackbuck,https://giant.gfycat.com/HeftyPaltryBlackbuck.mp4
ny16v5w38rx41.mp4,aww,This makes me happy :),2020-05-10 07:23:31+10:00,True,True,https://v.redd.it/ny16v5w38rx41,https://vreddit.cc/ny16v5w38rx41.mp4
ahqhx6qzcsx41.mp4,aww,Fun fact about Carter: he watches cookies bake in the oven from start to finish.,2020-05-10 04:52:39+10:00,True,True,https://v.redd.it/ahqhx6qzcsx41,https://vreddit.cc/ahqhx6qzcsx41.mp4
8x77p528mtx41.jpg,earthporn,"Moonset/Sunrise below the Polar Circle in Antarctica [OC], [5568 x 3712]",2020-05-10 09:05:57+10:00,False,False,https://i.redd.it/8x77p528mtx41.jpg,https://i.redd.it/8x77p528mtx41.jpg
dri1z2z6ptx41.jpg,earthporn,"Upstate New York, today, [OC] [3024x4032]",2020-05-10 09:22:33+10:00,False,False,https://i.redd.it/dri1z2z6ptx41.jpg,https://i.redd.it/dri1z2z6ptx41.jpg
